{
    "AA" : 999999999,
    "KK" : 953.99547,
    "AKs" : 554.50999,
    "QQ" : 478.0082,
    "AKo" : 331.88718,
    "JJ" : 319.21359,
    "AQs" : 274.211119,
    "TT" : 239.82102,
    "AQo" :  192.67022,
    "99" : 191.41393,
    "AJs" :183.22134,
    "88" :159.29689,
    "ATs" : 138.91308,
    "AJo" :136.31047  ,
    "77" : 134.84771,
    "66" : 115.34853,
    "ATo" :  106.26471,
    "A9s" : 104.12479,
    "55" : 98.62987,
    "A8s" : 89.86565,
    "KQs" : 86.6277,
    "44" : 81.97959,
    "A9o" :  81.7172,
    "A7s" : 79.17591,
    "KJs" : 72.62126,
    "A5s" :72.29213,
    "A8o" :  70.95651,
    "A6s" : 70.74453,
    "A4s" : 66.65053,
    "33" : 65.44082,
    "KTs" : 62.80556,
    "A7o" :  62.74775,
    "A3s" : 62.27532,
    "KQo" : 58.77166,
    "A2s" : 58.14199,
    "A5o" : 56.54209,
    "A6o" :  56.15123,
    "A4o" : 51.93949,
    "KJo" : 50.83879,
    "QJs" : 49.51544,
    "A3o" : 48.44544,
    "22" : 48.05412,
    "K9s" : 47.81236,
    "A2o" : 45.17234,
    "KTo" : 44.94654,
    "QTs" : 43.80946,
    "K8s" : 39.91081,
    "K7s" : 37.33065,
    "JTs" : 36.10652,
    "K9o" : 35.75415,
    "K6s" : 34.89,
    "QJo" : 32.81682,
    "Q9s" : 32.51971,
    "K5s" : 32.30333,
    "K8o" : 30.47389,
    "K4s" : 30.16328,
    "QTo" : 29.7164,
    "K7o" : 28.54118,
    "K3s" : 28.38181,
    "K2s" : 26.73084,
    "Q8s" : 26.71855,
    "K6o" : 26.67571,
    "J9s" : 25.71252,
    "K5o" : 24.68097,
    "Q9o" : 23.41954,
    "JTo" : 23.08525,
    "K4o" : 22.84502,
    "Q7s" : 22.68524,
    "T9s" : 22.49148,
    "Q6s" : 21.78516,
    "K3o" : 21.78516,
    "J8s" : 20.63624,
    "Q5s" : 20.32186,
    "K2o" : 19.99942,
    "Q8o" : 19.81933,
    "Q4s" : 18.91635,
    "J9o" : 17.79938,
    "Q3s" : 17.73401,
    "T8s" : 17.46571,
    "J7s" : 17.19452,
    "Q7o" :17.07734 ,
    "Q2s" : 16.64103,
    "Q6o" : 16.29514,
    "98s" : 15.29334,
    "Q5o" : 15.03498,
    "J8o" : 14.86776,
    "T9o" : 14.83221,
    "J6s" : 14.7186,
    "T7s" : 14.19943,
    "J5s" : 14.04842,
    "Q4o" : 13.66217,
    "J4s" : 12.95547,
    "J7o" : 12.66604,
    "Q3o" : 12.50323,
    "97s" : 12.25142,
    "T8o" : 12.15698,
    "J3s" : 12.04034,
    "T6s" :11.92109,
    "Q2o" : 11.30295,
    "J2s" : 11.13873,
    "87s" : 11.11055,
    "J6o" : 10.78068,
    "98o" : 10.27126,
    "T7o" : 10.20476,
    "96s" : 10.09767,
    "J5o" : 9.98729,
    "T5s" : 9.9469,
    "T4s" : 9.26007,
    "86s" : 8.99475,
    "J4o" : 8.90624,
    "T6o" : 8.57196,
    "97o" : 8.57096,
    "T3s" : 8.41572,
    "76s" : 8.31842,
    "95s" : 8.26104,
    "J3o" : 7.91472,
    "T2s" : 7.50573,
    "87o" : 7.50573,
    "85s" : 7.23917,
    "96o" : 7.07415,
    "T5o" : 6.92096,
    "J2o" : 6.88577,
    "75s" : 6.59416,
    "94s" : 6.58364,
    "T4o" : 6.20739,
    "65s" : 6.20739,
    "86o" : 6.09984,
    "93s" : 6.05899,
    "84s" : 5.69277,
    "95o" : 5.65083,
    "T3o" : 5.48042,
    "76o" : 5.43913,
    "92s" : 5.35930,
    "74s" : 5.1092,
    "54s" : 4.85029,
    "T2o" : 4.83225,
    "85o" : 4.81223,
    "64s" : 4.76922,
    "83s" : 4.46381,
    "94o" : 4.34578,
    "75o" : 4.2698,
    "82s" : 4.129,
    "73s" : 4.018,
    "93o" : 4.0002,
    "65o" : 3.972,
    "53s" : 3.851,
    "63s" : 3.777,
    "84o" : 3.737,
    "92o" : 3.5852,
    "43s" : 3.4021,
    "74o" : 3.3662,
    "72s" : 3.2215,
    "54o" : 3.2212,
    "64o" : 3.1703,
    "52s" : 3.115,
    "62s" : 3.0548,
    "83o" : 2.9948,
    "42s" : 2.7962,
    "82o" : 2.7958,
    "73o" : 2.7319,
    "53o" : 2.6402,
    "63o" : 2.5913,
    "32s" : 2.5674,
    "43o" : 2.366,
    "72o" : 2.2433,
    "52o" : 2.1816,
    "62o" : 2.1397,
    "42o" : 1.9761,
    "32o" : 1.8253
    }